station_id,latitude,longitude,elevation,state,name,gsn_flag,hcn_crn_flag,wmo_id,country_code
ACW00011604,17.1167,-61.7833,10.1,,ST JOHNS COOLIDGE FLD,,,,AC
ACW00011647,17.1333,-61.7833,19.2,,ST JOHNS,,,,AC
AE000041196,25.333,55.517,34.0,,SHARJAH INTER. AIRP,GSN,,41196.0,AE
AEM00041194,25.255,55.364,10.4,,DUBAI INTL,,,41194.0,AE
AEM00041217,24.433,54.651,26.8,,ABU DHABI INTL,,,41217.0,AE
AEM00041218,24.262,55.609,264.9,,AL AIN INTL,,,41218.0,AE
AF000040930,35.317,69.017,3366.0,,NORTH-SALANG,GSN,,40930.0,AF
AFM00040938,34.21,62.228,977.2,,HERAT,,,40938.0,AF
AFM00040948,34.566,69.212,1791.3,,KABUL INTL,,,40948.0,AF
AFM00040990,31.5,65.85,1010.0,,KANDAHAR AIRPORT,,,40990.0,AF
AG000060390,36.7167,3.25,24.0,,ALGER-DAR EL BEIDA,GSN,,60390.0,AG
AG000060590,30.5667,2.8667,397.0,,EL-GOLEA,GSN,,60590.0,AG
AG000060611,28.05,9.6331,561.0,,IN-AMENAS,GSN,,60611.0,AG
AG000060680,22.8,5.4331,1362.0,,TAMANRASSET,GSN,,60680.0,AG
AGE00135039,35.7297,0.65,50.0,,ORAN-HOPITAL MILITAIRE,,,,AG
AGE00147704,36.97,7.79,161.0,,ANNABA-CAP DE GARDE,,,,AG
AGE00147705,36.78,3.07,59.0,,ALGIERS-VILLE/UNIVERSITE,,,,AG
AGE00147706,36.8,3.03,344.0,,ALGIERS-BOUZAREAH,,,,AG
AGE00147707,36.8,3.04,38.0,,ALGIERS-CAP CAXINE,,,,AG
AGE00147708,36.72,4.05,222.0,,TIZI OUZOU,,,60395.0,AG
AGE00147709,36.63,4.2,942.0,,FORT NATIONAL,,,,AG
AGE00147710,36.75,5.1,9.0,,BEJAIA-BOUGIE (PORT),,,60401.0,AG
AGE00147711,36.3697,6.62,660.0,,CONSTANTINE,,,,AG
AGE00147712,36.17,1.34,112.0,,ORLEANSVILLE (CHLEF),,,,AG
AGE00147713,36.18,5.4,1081.0,,SETIF,,,,AG
AGE00147714,35.77,0.8,78.0,,ORAN-CAP FALCON,,,,AG
AGE00147715,35.42,8.1197,863.0,,TEBESSA,,,,AG
AGE00147716,35.1,-1.85,83.0,,NEMOURS (GHAZAOUET),,,60517.0,AG
AGE00147717,35.2,0.63,476.0,,SIDI-BEL-ABBES,,,,AG
AGE00147718,34.85,5.72,125.0,,BISKRA,,,60525.0,AG
AGE00147719,33.7997,2.89,767.0,,LAGHOUAT,,,60545.0,AG
AGE00147720,33.68,1.0,1320.0,,GERYVILLE (EL-BAYADH),,,,AG
AGE00147780,37.08,6.47,195.0,,SKIKDA-CAP BOUGAROUNI,,,,AG
AGE00147794,36.78,5.1,225.0,,BEJAIA-CAP CARBON,,,,AG
AGM00060351,36.795,5.874,11.0,,JIJEL,,,60351.0,AG
AGM00060353,36.817,5.883,6.0,,JIJEL-PORT,,,60353.0,AG
AGM00060355,36.933,6.95,7.0,,SKIKDA,,,60355.0,AG
AGM00060360,36.822,7.809,4.9,,ANNABA,,,60360.0,AG
AGM00060367,36.9,8.45,13.0,,EL-KALA,,,60367.0,AG
AGM00060369,36.767,3.1,12.0,,ALGER-PORT,,,60369.0,AG
AGM00060387,36.917,3.95,8.0,,DELLYS,,,60387.0,AG
AGM00060402,36.712,5.07,6.1,,SOUMMAM,,,60402.0,AG
AGM00060403,36.467,7.467,228.0,,GUELMA,,,60403.0,AG
AGM00060405,36.5,7.717,111.0,,BOUCHEGOUF,,,60405.0,AG
AGM00060410,36.5,1.333,18.0,,TENES,,,60410.0,AG
AGM00060415,36.317,3.533,748.0,,AIN-BESSAM,,,60415.0,AG
AGM00060417,36.383,3.883,560.0,,BOUIRA,,,60417.0,AG
AGM00060419,36.276,6.62,690.4,,MOHAMED BOUDIAF INTL,,,60419.0,AG
AGM00060421,35.867,7.117,891.0,,OUM EL BOUAGHI,,,60421.0,AG
AGM00060423,36.283,7.967,680.0,,SOUK AHRAS,,,60423.0,AG
AGM00060425,36.213,1.332,141.1,,ECH CHELIFF,,,60425.0,AG
AGM00060430,36.3,2.233,721.0,,MILIANA,,,60430.0,AG
AGM00060437,36.283,2.733,1036.0,,MEDEA,,,60437.0,AG
AGM00060444,36.067,4.767,930.0,,BORDJ-BOU-ARRERIDJ,,,60444.0,AG
AGM00060445,36.178,5.324,1050.0,,SETIF AIN ARNAT,,,60445.0,AG
AGM00060452,35.817,-0.267,4.0,,ARZEW,,,60452.0,AG
AGM00060457,35.883,0.117,138.0,,MOSTAGANEM,,,60457.0,AG
AGM00060461,35.7,-0.65,22.0,,ORAN-PORT,,,60461.0,AG
AGM00060467,35.667,4.5,442.0,,M'SILA,,,60467.0,AG
AGM00060468,35.55,6.183,1052.0,,BATNA,,,60468.0,AG
AGM00060471,35.333,5.333,461.0,,BARIKA,,,60471.0,AG
AGM00060475,35.432,8.121,811.1,,CHEIKH LARBI TEBESSI,,,60475.0,AG
AGM00060476,35.467,7.083,987.0,,KHENCHELLA,,,60476.0,AG
AGM00060490,35.624,-0.621,89.9,,ES SENIA,,,60490.0,AG
AGM00060506,35.6,0.3,476.0,,MASCARA-MATEMORE,,,60506.0,AG
AGM00060507,35.208,0.147,513.9,,GHRISS,,,60507.0,AG
AGM00060511,35.341,1.463,989.1,,BOU CHEKIF,,,60511.0,AG
AGM00060514,35.167,2.317,801.0,,KSAR CHELLALA,,,60514.0,AG
AGM00060515,35.333,4.206,459.0,,BOU SAADA,,,60515.0,AG
AGM00060518,35.3,-1.35,70.0,,BENI-SAF,,,60518.0,AG
AGM00060520,35.2,-0.617,476.0,,SIDI-BEL-ABBES,,,60520.0,AG
AGM00060522,34.82,-1.77,426.0,,MAGHNIA,,,60522.0,AG
AGM00060531,35.017,-1.45,248.1,,ZENATA,,,60531.0,AG
AGM00060535,34.683,3.25,1144.0,,DJELFA/TLETSI,,,60535.0,AG
AGM00060536,34.867,0.15,752.0,,SAIDA,,,60536.0,AG
AGM00060540,34.15,0.067,1001.0,,EL-KHEITER,,,60540.0,AG
AGM00060549,33.536,-0.242,1175.0,,MECHERIA,,,60549.0,AG
AGM00060550,33.667,1.0,1347.0,,EL-BAYADH,,,60550.0,AG
AGM00060555,33.068,6.089,85.0,,SIDI MAHDI,,,60555.0,AG
AGM00060557,33.267,-0.3,1166.0,,NAAMA,,,60557.0,AG
AGM00060559,33.511,6.777,61.9,,GUEMAR,,,60559.0,AG
AGM00060560,32.767,-0.6,1059.0,,AIN-SEFRA,,,60560.0,AG
AGM00060563,32.933,3.283,764.0,,HASSIR'MEL,,,60563.0,AG
AGM00060566,32.384,3.794,460.9,,NOUMERAT,,,60566.0,AG
AGM00060571,31.646,-2.27,811.1,,BECHAR,,,60571.0,AG
AGM00060580,31.917,5.413,150.0,,OUARGLA,,,60580.0,AG
AGM00060581,31.673,6.14,141.1,,OUED IRARA,,,60581.0,AG
AGM00060602,30.133,-2.167,505.0,,BENI-ABBES,,,60602.0,AG
AGM00060603,29.717,6.7,252.0,,RHOURD NOUSS,,,60603.0,AG
AGM00060607,29.237,0.276,313.0,,TIMIMOUN,,,60607.0,AG
AGM00060620,27.838,-0.186,280.1,,TOUAT CHEIKH SIDI MOHAMED BEL,,,60620.0,AG
AGM00060630,27.233,2.5,269.0,,IN-SALAH,,,60630.0,AG
AGM00060640,26.724,8.623,541.9,,ILLIZI TAKHAMALT,,,60640.0,AG
AGM00060656,27.7,-8.167,442.9,,TINDOUF,,,60656.0,AG
AGM00060670,24.293,9.452,968.0,,TISKA,,,60670.0,AG
AGM00060686,21.333,0.95,399.0,,BORDJ-BADJ-MOKHTAR,,,60686.0,AG
AGM00060690,19.567,5.767,401.0,,IN-GUEZZAM,,,60690.0,AG
AJ000037575,41.55,46.667,490.0,,ZAKATALA,,,37575.0,AJ
AJ000037579,41.7,46.8,1746.0,,ALIBEK,,,37579.0,AJ
AJ000037605,41.3,45.6,440.0,,BOGDANOVKA,,,37605.0,AJ
AJ000037636,41.3,45.5,404.0,,DJEYRANCELSKAJ-STEP',,,37636.0,AJ
AJ000037639,41.133,45.417,333.0,,AGSTAPHA AIRPORT,,,37639.0,AJ
AJ000037656,41.2,46.8,403.0,,ADJINAURSKAYA_STEP',,,37656.0,AJ
AJ000037661,41.217,47.167,641.0,,SHAKI,,,37661.0,AJ
AJ000037668,41.1,47.5,583.0,,VARTASHEN,,,37668.0,AJ
AJ000037673,41.5,48.8,27.0,,HACMAS,,,37673.0,AJ
AJ000037674,41.2,48.2,999.0,,KRIC,,,37674.0,AJ
AJ000037675,41.367,48.517,552.0,,GUBA,,,37675.0,AJ
AJ000037679,41.1,49.2,-26.0,,SIASAN',,,37679.0,AJ
AJ000037729,40.7,45.8,1476.0,,KEDABEK,,,37729.0,AJ
AJ000037734,40.8,46.0,404.0,,SHAMHOR,,,37734.0,AJ
AJ000037735,40.7167,46.4167,311.0,,GANCA,,,37735.0,AJ
AJ000037740,40.983,47.867,682.0,,QABALA,,,37740.0,AJ
AJ000037742,40.9,47.3,313.0,,"ORDJONIKIDZE,ZERNOSOVHOZ",,,37742.0,AJ
AJ000037744,40.767,47.05,94.0,,MINGACHEVIR,,,37744.0,AJ
AJ000037747,40.617,47.15,15.0,,EVLAKH AIRPORT,,,37747.0,AJ
AJ000037749,40.65,47.75,95.0,,GOYCHAY,,,37749.0,AJ
AJ000037753,40.867,48.933,1082.0,,ALTIAGACH,,,37753.0,AJ
AJ000037756,40.533,48.933,755.0,,MARAZA,,,37756.0,AJ
AJ000037759,40.633,48.633,892.0,,SHAMAKHY,,,37759.0,AJ
AJ000037769,40.6,49.633,-19.0,,SUMGAIT,,,37769.0,AJ
AJ000037813,40.3,45.9,12.0,,GEYGEL',,,37813.0,AJ
AJ000037816,40.5,46.1,1655.0,,DASHKESAN,,,37816.0,AJ
AJ000037825,40.4,46.3,1612.0,,GEYGEL'-KURORT,,,37825.0,AJ
AJ000037831,40.4,47.0,160.0,,MIR-BASHIR,,,37831.0,AJ
AJ000037832,40.4,47.1,69.0,,BARDA,,,37832.0,AJ
AJ000037835,40.2,47.7,-5.0,,ZARDOB,,,37835.0,AJ
AJ000037844,40.333,48.167,4.0,,KURDAMIR,,,37844.0,AJ
AJ000037849,40.017,48.917,-5.0,,GAZIMAMMAD AERODROM,,,37849.0,AJ
AJ000037850,40.4,49.8,47.0,,BAKU,,,37850.0,AJ
AJ000037860,40.533,50.0,28.0,,MASHTAGA,,,37860.0,AJ
AJ000037861,40.2,50.9,-15.0,,NEFT'JNIE,,,37861.0,AJ
AJ000037866,40.467,50.317,-24.0,,PIRALLAHI,,,37866.0,AJ
AJ000037869,40.3,50.6,-17.0,,"JILOY,OSTROV",,,37869.0,AJ
AJ000037883,39.9,45.9,2064.0,,ISTISU,,,37883.0,AJ
AJ000037888,39.5,45.8,3282.0,,"SISIANSKIY,PEREVAL",,,37888.0,AJ
AJ000037893,39.9,46.9,352.0,,AGDAM,,,37893.0,AJ
AJ000037895,39.983,46.75,828.0,,KHANKANDY,,,37895.0,AJ
AJ000037898,39.7,46.5,1152.0,,LACHIN,,,37898.0,AJ
AJ000037899,39.767,46.75,1355.0,,SHUSHA,,,37899.0,AJ
AJ000037901,39.8,47.1,414.0,,MARTUNY,,,37901.0,AJ
AJ000037902,39.8,47.5,157.0,,"MOL'SKAYA,STEP'",,,37902.0,AJ
AJ000037905,39.767,47.75,71.0,,BEYLAGAN AERODROME,,,37905.0,AJ
AJ000037907,39.6,47.15,439.0,,FIZULY,,,37907.0,AJ
AJ000037912,39.9,48.5,-16.0,,DJAFARHAN,,,37912.0,AJ
AJ000037913,39.6,48.9,-20.0,,SAL'JNY,,,37913.0,AJ
AJ000037914,39.9,48.0,-1.0,,IMISLY,,,37914.0,AJ
AJ000037922,39.8,49.6,-25.0,,"SVINOY,OSTROV",,,37922.0,AJ
AJ000037923,39.967,49.4,-16.0,,ALAT,,,37923.0,AJ
AJ000037925,39.4,49.25,-24.0,,NEFTCHALA,,,37925.0,AJ
AJ000037936,39.2,45.417,885.0,,NAXCIVAN,,,37936.0,AJ
AJ000037941,39.4,45.6,1205.0,,SAHBUZ,,,37941.0,AJ
AJ000037946,39.1,46.0,3268.0,,PARAGACHAY,,,37946.0,AJ
AJ000037947,38.95,45.633,717.0,,JULFA,,,37947.0,AJ
AJ000037957,38.917,46.017,787.0,,ORDUBAD,,,37957.0,AJ
AJ000037962,39.4,47.0,632.0,,DJEBRAIL,,,37962.0,AJ
AJ000037968,39.0,46.7,313.0,,MINDJEVAN,,,37968.0,AJ
AJ000037972,39.467,48.55,3.0,,BILASUVAR,,,37972.0,AJ
AJ000037978,39.7,48.6,2.0,,GYOYTAPA,,,37978.0,AJ
AJ000037981,38.9,48.2,794.0,,JARDIMLY,,,37981.0,AJ
AJ000037984,38.767,48.4,1113.0,,LERIK,,,37984.0,AJ
AJ000037985,38.75,48.817,-12.0,,LANKARAN,,,37985.0,AJ
AJ000037989,38.5,48.9,-22.0,,ASTARA,GSN,,37989.0,AJ
ALE00100939,41.3331,19.7831,89.0,,TIRANA,,,,AL
ALE00108905,42.1,19.5331,43.0,,SHKODRA,,,,AL
ALM00013615,41.415,19.721,38.4,,TIRANA RINAS,GSN,,13615.0,AL
AM000037608,41.1,43.7,2009.0,,SHURABAD,,,37608.0,AM
AM000037609,41.0,43.9,2019.0,,GUKASYAN_VERIN,,,37609.0,AM
AM000037618,41.117,44.283,1509.0,,TASHIR,,,37618.0,AM
AM000037627,41.05,44.633,1110.0,,ODZUN,,,37627.0,AM
AM000037629,41.1,44.8,663.0,,SHNOH,,,37629.0,AM
AM000037682,40.783,43.833,1866.0,,AMASIA,,,37682.0,AM
AM000037683,40.867,43.95,1798.0,,JABJUR-IN-ARMENIA,,,37683.0,AM
AM000037686,40.78,43.83,1523.0,,GUMRI,,,37686.0,AM
AM000037689,40.6,44.0,1727.0,,ARTIK,,,37689.0,AM
AM000037693,41.0,44.367,1400.0,,STEPANAVAN,,,37693.0,AM
AM000037694,40.9,44.4,2061.0,,"PUSHKINSKIY,PEREVAL",,,37694.0,AM
AM000037695,40.833,44.267,1555.0,,SPITAK,,,37695.0,AM
AM000037698,40.6,44.5,1986.0,,ANKAVAN,,,37698.0,AM
AM000037699,40.533,44.383,1892.0,,APARAN,,,37699.0,AM
AM000037700,40.3,44.9,3103.0,,ERATUMBER,,,37700.0,AM
AM000037704,40.817,44.5,1379.0,,VANADZOR,,,37704.0,AM
AM000037705,40.8,44.6,1798.0,,LERMONTOVO,,,37705.0,AM
AM000037706,40.75,44.867,1255.0,,DILIJAN,,,37706.0,AM
AM000037708,40.7,44.9,2097.0,,SEMENOVKA,,,37708.0,AM
AM000037711,40.867,45.15,733.0,,IDJEVAN,,,37711.0,AM
AM000037713,40.9,45.5,692.0,,BERD,,,37713.0,AM
AM000037719,40.6,45.35,1834.0,,CHAMBARAK,,,37719.0,AM
AM000037772,40.4,43.9,1637.0,,TALIN,,,37772.0,AM
AM000037773,40.5,43.9,2151.0,,GARNOVIT,,,37773.0,AM
AM000037774,40.317,43.667,1255.0,,ARAGATS,,,37774.0,AM
AM000037781,40.5,44.2,3223.0,,ARAGAC VISOKOGORNAYA,GSN,,37781.0,AM
AM000037782,40.4,44.3,1893.0,,AMBERD (KOSHABULAKH),,,37782.0,AM
AM000037785,40.3,44.4,1092.0,,ASTARAK,,,37785.0,AM
AM000037786,40.3,44.5,1339.0,,EGVARD,,,37786.0,AM
AM000037787,40.133,44.05,865.0,,ARMAVIR,,,37787.0,AM
AM000037789,40.2,44.5,1113.0,,YEREVAN,,,37789.0,AM
AM000037791,40.4,44.683,1800.0,,FANTAN,,,37791.0,AM
AM000037792,40.483,44.75,1761.0,,HRAZDAN,,,37792.0,AM
AM000037798,40.1,44.7,1427.0,,GARNI,,,37798.0,AM
AM000037801,40.35,45.1331,1961.0,,GAVAR,,,37801.0,AM
AM000037802,40.5,45.3,1929.0,,SHORJA,,,37802.0,AM
AM000037808,40.5,45.3,1943.0,,MARTUNI,,,37808.0,AM
AM000037815,40.2,45.75,1940.0,,MASRIK,,,37815.0,AM
AM000037871,39.817,44.567,822.0,,ARARAT,,,37874.0,AM
AM000037872,39.9,44.9,1064.0,,URCADZOR,,,37872.0,AM
AM000037873,40.0,45.23,2334.0,,YANYKH,,,37873.0,AM
AM000037874,39.767,45.333,1317.0,,EHGNADZOR,,,37876.0,AM
AM000037875,39.7,45.2,1008.0,,ARENY,,,37875.0,AM
AM000037876,39.8,45.4,1312.0,,EHEGNADZOR,,,37876.0,AM
AM000037878,39.8,45.0,2130.0,,"BESIIMYANNIY,PEREVAL",,,37878.0,AM
AM000037880,39.7,45.7,2392.0,,KOCHBEC,,,37880.0,AM
AM000037884,39.8,45.8,2075.0,,D'ERMUK,,,37884.0,AM
AM000037887,39.6,45.5,1942.0,,MARTIROS,,,37887.0,AM
AM000037897,39.533,46.017,1581.0,,SISIAN,,,37897.0,AM
AM000037954,39.2,46.2,2574.0,,KADJARAN,,,37954.0,AM
AM000037958,38.9,46.25,628.0,,MEGRI,,,37958.0,AM
AM000037959,39.2,46.433,706.0,,KAPAN,,,37959.0,AM
AMM00037717,40.567,45.0,1917.0,,SEVAN OZERO,,,37717.0,AM
AO000066160,-8.85,13.233,74.0,,LUANDA,GSN,,66160.0,AO
AO000066270,-11.417,15.117,1304.0,,WAKU KUNGU (CELA),GSN,,66270.0,AO
AO000066390,-14.933,13.567,1761.0,,LUBANGO (SA DA BAND,GSN,,66390.0,AO
AO000066410,-14.65,17.683,1343.0,,MENONGUE (SERPA PIN,GSN,,66410.0,AO
AO000066422,-15.2,12.15,45.0,,MOCAMEDES,GSN,,66422.0,AO
AO000066447,-15.833,20.35,1088.0,,MAVINGA,GSN,,66447.0,AO
AQC00914000,-14.3167,-170.7667,408.4,AS,AASUFOU,,,,AQ
AQC00914005,-14.2667,-170.65,182.9,AS,AFONO,,,,AQ
AQC00914021,-14.2667,-170.5833,6.1,AS,AMOULI TUTUILA,,,,AQ
AQC00914060,-14.2667,-170.6833,80.8,AS,ATUU,,,,AQ
AQC00914135,-14.3,-170.7,249.9,AS,FAGA ALU RSVR,,,,AQ
AQC00914138,-14.2833,-170.6833,24.1,AS,FAGA ALU STREAM,,,,AQ
AQC00914141,-14.2667,-170.6167,4.6,AS,FAGAITUA,,,,AQ
AQC00914145,-14.2833,-170.7167,14.9,AS,FAGASA TUTUILA,,,,AQ
AQC00914149,-14.2833,-170.6833,57.0,AS,FAGA TOGO,,,,AQ
AQC00914188,-14.2167,-168.5333,6.1,AS,FALEASAO TAU,,,,AQ
AQC00914248,-14.2333,-169.5167,4.9,AS,FALEASAO VILLAGE,,,,AQ
AQC00914397,-14.35,-170.7833,6.1,AS,LEONE,,,,AQ
AQC00914424,-14.2333,-169.5167,6.1,AS,LUMA VILLAGE,,,,AQ
AQC00914594,-14.3333,-170.7667,42.4,AS,MALAELOA,,,,AQ
AQC00914650,-14.1667,-169.7167,3.0,AS,OFU,,,,AQ
AQC00914822,-11.05,-171.0833,3.0,AS,SWAIN ISLAND,,,,AQ
AQC00914869,-14.3333,-170.7167,3.0,AS,TAFUNA AP TUTUILA,,,,AQ
AQC00914873,-14.35,-170.7667,14.9,AS,TAPUTIMU TUTUILA,,,,AQ
AQC00914902,-14.2728,-170.6922,80.8,AS,VAIPITO,,,,AQ
AQC00914912,-14.25,-170.6667,3.0,AS,VATIA,,,,AQ
AQW00061705,-14.3306,-170.7136,3.7,AS,PAGO PAGO WSO AP,GSN,,91765.0,AQ
AR000000001,-29.6,-58.15,109.0,,BAIBENE,,,,AR
AR000000002,-29.82,-57.42,75.0,,BONPLAND,,,,AR
AR000000003,-29.98,-58.28,90.0,,CAZADORES CORRENTINOS,,,,AR
AR000000004,-30.78,-58.15,71.0,,CHAJAR355,,,,AR
AR000000005,-30.03,-57.82,74.0,,COLONIA LIBERTAD,,,,AR
AR000000006,-31.38,-58.02,38.0,,CONCORDIA,,,,AR
AR000000007,-30.58,-58.45,72.0,,CONQUISTADORES,,,,AR
AR000000008,-29.783,-57.983,70.0,,CURUZU CUATIA AERO,,,87286.0,AR
AR000000009,-31.0,-57.9,38.0,,FEDERACI/363N,,,,AR
AR000000010,-30.68,-57.82,37.0,,MOCORETA LAGO,,,,AR
AR000000011,-30.267,-57.65,53.0,,MONTE CASEROS AERO,,,87393.0,AR
AR000000012,-29.73,-57.08,58.0,,PASO DE LOS LIBRES,,,,AR
AR000000013,-30.42,-57.85,86.0,,PUJOL,,,,AR
AR000000014,-31.08,-58.28,70.0,,REDOM363N,,,,AR
AR000000015,-30.03,-58.3,83.0,,SAN JAIME DE ARRUABARRENA,,,,AR
AR000000016,-29.37,-58.18,110.0,,SOLARI,,,,AR
AR000087007,-22.1,-65.6,3479.0,,LA QUIACA OBSERVATO,GSN,,87007.0,AR
AR000087065,-24.167,-62.9,205.0,,RIVADAVIA,GSN,,87065.0,AR
AR000087078,-24.7,-60.583,130.0,,LAS LOMITAS,GSN,,87078.0,AR
AR000087129,-27.767,-64.3,200.0,,SANTIAGO DEL ESTERO,,,87149.0,AR
AR000087155,-27.45,-59.05,53.0,,RESISTENCIA AERO,GSN,,87155.0,AR
AR000087217,-29.383,-66.817,438.0,,LA RIOJA AERO.,GSN,,87217.0,AR
AR000087257,-29.883,-61.95,88.0,,CERES AERO,GSN,,87257.0,AR
AR000087270,-29.183,-59.7,53.0,,RECONQUISTA AERO,GSN,,87270.0,AR
AR000087344,-31.317,-64.217,489.0,,CORDOBA AERO,GSN,,87344.0,AR
AR000087374,-31.783,-60.483,74.0,,PARANA AERO,GSN,,87374.0,AR
AR000087418,-32.833,-68.783,704.0,,MENDOZA AERO,GSN,,87418.0,AR
AR000087534,-34.133,-63.367,137.0,,LABOULAYE AERO,GSN,,87534.0,AR
AR000087623,-36.567,-64.266,192.0,,SANTA ROSA AERO,GSN,,87623.0,AR
AR000087692,-37.933,-57.583,22.0,,MAR DEL PLATA AERO,GSN,,87692.0,AR
AR000087715,-38.95,-68.133,273.0,,NEUQUEN AERO,GSN,,87715.0,AR
AR000087803,-42.933,-71.15,799.0,,ESQUEL AERO,GSN,,87803.0,AR
AR000087828,-43.2,-65.266,43.0,,TRELEW AERO,GSN,,87828.0,AR
AR000087860,-45.783,-67.5,58.0,,COMODORO RIVADAVIA,GSN,,87860.0,AR
AR000087925,-51.617,-69.283,19.0,,RIO GALLEGOS AERO,GSN,,87925.0,AR
AR000870470,-24.85,-65.483,1246.0,,SALTA AERO,GSN,,87047.0,AR
AR000873050,-30.25,-68.75,1175.0,,JACHAL,GSN,,87305.0,AR
AR000875440,-35.867,-61.9,85.0,,PEHUAJO AERO,GSN,,87544.0,AR
AR000875850,-34.583,-58.483,25.0,,BUENOS AIRES OBSERV,,,87585.0,AR
AR000877500,-38.733,-62.167,75.0,,BAHIA BLANCA AERO,GSN,,87750.0,AR
ARM00087016,-23.153,-64.329,356.0,,ORAN,,,87016.0,AR
ARM00087022,-22.62,-63.794,449.0,,GENERAL ENRIQUE MOSCONI TARTA,,,87022.0,AR
ARM00087046,-24.393,-65.098,920.2,,JUJUY,,,87046.0,AR
ARM00087121,-26.841,-65.105,455.7,,TENIENTE BENJAMIN MATIENZO,,,87121.0,AR
ARM00087148,-26.733,-60.483,93.0,,PRESIDENCIA ROQUE SAENZ PENA,,,87148.0,AR
ARM00087162,-26.213,-58.228,59.1,,FORMOSA,,,87162.0,AR
ARM00087166,-27.446,-58.762,61.9,,CORRIENTES,,,87166.0,AR
ARM00087178,-27.386,-55.971,131.1,,POSADAS,GSN,,87178.0,AR
ARM00087213,-29.233,-67.433,945.0,,CHILECITO AERO,,,87213.0,AR
ARM00087222,-28.596,-65.752,463.9,,CATAMARCA,,,87222.0,AR
ARM00087244,-29.9,-63.683,341.0,,VILLA MARIA DEL RIO,,,87244.0,AR
ARM00087289,-29.689,-57.152,70.1,,PASO DE LOS LIBRES,GSN,,87289.0,AR
ARM00087311,-31.571,-68.418,597.1,,SAN JUAN,,,87311.0,AR
ARM00087320,-30.367,-66.283,461.0,,CHAMICAL AERO,,,87320.0,AR
ARM00087322,-31.333,-66.6,658.0,,CHEPES,,,87322.0,AR
ARM00087328,-31.945,-65.146,583.7,,VILLA DOLORES,,,87328.0,AR
ARM00087345,-31.4,-64.183,426.0,,CORDOBA OBSERVATORIO,,,87345.0,AR
ARM00087349,-31.667,-63.883,338.0,,PILAR OBSERVATORIO,,,87349.0,AR
ARM00087395,-31.297,-57.997,34.1,,COMODORO PIERRESTEGUI,,,87395.0,AR
ARM00087416,-33.083,-68.417,653.0,,SAN MARTIN,,,87416.0,AR
ARM00087420,-32.883,-68.85,827.0,,MENDOZA OBSERVATORIO,,,87420.0,AR
ARM00087436,-33.273,-66.356,709.9,,SAN LUIS,,,87436.0,AR
ARM00087448,-33.73,-65.387,484.9,,VILLA REYNOLDS,,,87448.0,AR
ARM00087453,-33.085,-64.261,420.9,,RIO CUARTO AREA DE MATERIAL,,,87453.0,AR
ARM00087467,-32.684,-62.158,110.0,,MARCOS JUAREZ,,,87467.0,AR
ARM00087480,-32.904,-60.785,25.9,,ROSARIO,,,87480.0,AR
ARM00087497,-33.01,-58.613,22.9,,GUALEGUAYCHU,GSN,,87497.0,AR
ARM00087506,-35.494,-69.574,1430.1,,MALARGUE,GSN,,87506.0,AR
ARM00087509,-34.588,-68.403,752.9,,SAN RAFAEL,,,87509.0,AR
ARM00087532,-35.696,-63.758,139.9,,GENERAL PICO,,,87532.0,AR
ARM00087548,-34.546,-60.931,79.9,,JUNIN,,,87548.0,AR
ARM00087550,-35.45,-60.883,76.0,,NUEVE DE JULIO,,,87550.0,AR
ARM00087563,-36.067,-59.1,38.0,,LAS FLORES,,,87563.0,AR
ARM00087576,-34.822,-58.536,20.4,,MINISTRO PISTARINI,,,87576.0,AR
ARM00087582,-34.559,-58.416,5.5,,AEROPARQUE JORGE NEWBERY,,,87582.0,AR
ARM00087593,-34.972,-57.895,21.9,,LA PLATA,GSN,,87593.0,AR
ARM00087596,-35.367,-57.283,22.0,,PUNTA INDIO B.A.,,,87596.0,AR
ARM00087637,-37.433,-61.883,233.0,,CORONEL SUAREZ AERO,,,87637.0,AR
ARM00087640,-36.2,-61.067,94.0,,BOLIVAR AERO,,,87640.0,AR
ARM00087641,-36.833,-59.883,147.0,,AZUL AERO,,,87641.0,AR
ARM00087643,-36.883,-60.217,166.0,,OLAVARRIA AERO,,,87643.0,AR
ARM00087645,-37.237,-59.228,175.0,,TANDIL,,,87645.0,AR
ARM00087648,-36.35,-57.733,9.0,,DOLORES AIRPORT,,,87648.0,AR
ARM00087679,-37.6,-62.383,304.0,,PIGUE AIRPORT,,,87679.0,AR
ARM00087688,-38.387,-60.33,121.9,,TRES ARROYOS,,,87688.0,AR
ARM00087736,-39.017,-64.083,79.0,,RIO COLORADO,,,87736.0,AR
ARM00087765,-41.151,-71.158,846.1,,SAN CARLOS DE BARILOCHE,,,87765.0,AR
ARM00087774,-41.25,-68.733,888.0,,MAQUINCHAO,,,87774.0,AR
ARM00087784,-40.783,-65.1,20.0,,SAN ANTONIO OESTE AERO,,,87784.0,AR
ARM00087791,-40.869,-63.0,6.1,,GOBERNADOR CASTELLO,,,87791.0,AR
ARM00087800,-41.943,-71.532,344.7,,EL BOLSON,,,87800.0,AR
ARM00087814,-43.817,-68.883,460.0,,PASO DE INDIOS,,,87814.0,AR
ARM00087823,-42.733,-65.067,136.0,,P.MADRYN AERO,,,87823.0,AR
ARM00087852,-46.517,-71.017,429.0,,PERITO MORENO ARPT,,,87852.0,AR
ARM00087880,-48.783,-70.167,356.0,,GOBERNADOR GREGORES,,,87880.0,AR
ARM00087896,-47.735,-65.904,81.1,,PUERTO DESEADO,,,87896.0,AR
ARM00087903,-50.333,-72.3,220.0,,LAGO ARGENTINO ARPT,,,87903.0,AR
ARM00087904,-50.267,-72.05,204.0,,EL CALAFATE AERO,,,87904.0,AR
ARM00087909,-49.307,-67.803,57.9,,SAN JULIAN,,,87909.0,AR
ARM00087934,-53.778,-67.749,19.8,,RIO GRANDE,,,87934.0,AR
ARM00087938,-54.843,-68.296,21.6,,USHUAIA MALVINAS ARGENTINAS,,,87938.0,AR
ASM00094275,-18.3,143.55,295.0,,GEORGETOWN POST OFFICE,,,94275.0,AS
ASM00094299,-16.288,149.965,9.0,,WILLIS ISLAND,GSN,,94299.0,AS
ASM00094940,-35.083,150.8,85.0,,JERVIS BAY,,,94940.0,AS
ASM00094995,-31.542,159.079,7.0,,LORD HOWE ISLAND AERO,GSN,,94995.0,AS
ASM00094997,-53.1,73.717,12.0,,HEARD ISLAND (THE SPIT),,,94997.0,AS
ASM00094998,-54.499,158.937,8.3,,MACQUARIE ISLAND,GSN,,94998.0,AS
ASM00095997,-53.017,73.4,4.0,,HEARD ISLAND (ATLAS COVE),,,95997.0,AS
ASN00001000,-16.2919,127.1956,320.0,,KARUNJIE,,,,AS
ASN00001001,-15.1806,127.8456,2.0,,OOMBULGURRI,,,,AS
ASN00001003,-14.1331,126.7158,5.0,,PAGO MISSION,,,,AS
ASN00001004,-15.4167,124.7167,47.0,,KUNMUNYA,,,,AS
ASN00001005,-15.4644,128.1,20.0,,WYNDHAM PORT,,,,AS
ASN00001006,-15.51,128.1503,3.8,,WYNDHAM AERO,,,95214.0,AS
ASN00001007,-13.7542,126.1485,6.0,,TROUGHTON ISLAND,,,94102.0,AS
ASN00001008,-16.3017,126.1825,640.0,,MOUNT ELIZABETH OLD SITE,,,,AS
ASN00001009,-15.4875,124.5222,12.0,,KURI BAY,,,94208.0,AS
ASN00001010,-14.7883,126.4964,210.0,,THEDA,,,,AS
ASN00001011,-16.0497,124.95,-999.9,,PANTA DOWNS,,,,AS
ASN00001012,-14.7925,125.8258,315.0,,MITCHELL PLATEAU,,,,AS
ASN00001013,-15.4872,128.1247,11.0,,WYNDHAM,,,94214.0,AS
ASN00001014,-15.9078,128.1289,130.0,,EMMA GORGE,,,,AS
ASN00001016,-14.4861,126.7664,59.0,,CARSON RIVER STATION,,,,AS
ASN00001017,-15.5,127.8333,-999.9,,NULLA NULLA,,,,AS
ASN00001018,-16.4181,126.1025,546.0,,MOUNT ELIZABETH,,,94211.0,AS
ASN00001019,-14.2964,126.6453,23.0,,KALUMBURU,GSN,,94100.0,AS
ASN00001020,-14.09,126.3867,51.0,,TRUSCOTT,,,95101.0,AS
ASN00001021,-14.2961,126.6431,23.0,,KALUMBURU MISSION,,,,AS
ASN00001022,-15.4997,128.1997,-999.9,,WYNDHAM SIX MILE HOTEL,,,,AS
ASN00001023,-16.0086,127.9806,90.0,,EL QUESTRO,,,,AS
ASN00001024,-15.9572,127.0628,300.0,,ELLENBRAE,,,,AS
ASN00001025,-15.3797,126.3114,385.0,,DOONGAN,,,94215.0,AS
ASN00001026,-15.7025,126.3786,370.0,,DRYSDALE RIVER STATION,,,,AS
ASN00001027,-15.6394,128.0803,14.0,,DIGGERS REST,,,,AS
ASN00001028,-15.7231,127.8297,10.0,,HOME VALLEY,,,,AS
ASN00001030,-14.5786,125.9133,3.0,,KIMBERLEY COASTAL CAMP,,,,AS
ASN00001031,-13.96,127.1964,60.0,,FARAWAY BAY,,,,AS
ASN00001032,-14.1472,126.6483,6.0,,MCGOWAN ISLAND,,,,AS
ASN00001035,-15.5969,128.2781,20.0,,PARRY CREEK FARM,,,,AS
ASN00002000,-17.7569,127.9386,363.0,,ALICE DOWNS,,,,AS
ASN00002001,-16.5039,128.9172,120.0,,ARGYLE DOWNS,,,,AS
ASN00002002,-18.8833,126.2333,-999.9,,BOHEMIA DOWNS,,,,AS
ASN00002003,-16.87,128.1836,194.0,,BOW RIVER,,,,AS
ASN00002004,-16.5833,128.3667,-999.9,,GLEN HILL,,,,AS
ASN00002005,-15.4864,128.5344,20.0,,CARLTON HILL,,,,AS
ASN00002006,-15.5,128.25,-999.9,,ASCOT,,,,AS
ASN00002007,-16.3167,128.25,-999.9,,DUNHAM RIVER STATION,,,,AS
ASN00002008,-18.3167,128.0,-999.9,,FLORA VALLEY OLD,,,,AS
ASN00002009,-16.4203,126.4411,488.0,,GIBB RIVER,,,,AS
ASN00002010,-18.7506,128.5842,354.0,,GORDON DOWNS,,,,AS
ASN00002011,-18.2519,127.7817,360.0,,OLD HALLS CREEK,,,,AS
ASN00002012,-18.2292,127.6636,422.0,,HALLS CREEK AIRPORT,GSN,,94212.0,AS
ASN00002013,-15.69,128.6833,40.0,,IVANHOE STATION,,,,AS
ASN00002014,-15.6547,128.7092,31.0,,KIMBERLEY RES.STATION,,,95215.0,AS
ASN00002015,-18.4086,127.3547,400.0,,LAMBOO,,,,AS
ASN00002016,-16.6742,128.5533,120.0,,LISSADELL,,,,AS
ASN00002017,-18.7106,126.7111,248.0,,LOUISA DOWNS,,,,AS
ASN00002018,-17.1792,128.1217,254.0,,MABEL DOWNS,,,,AS
ASN00002019,-18.6253,126.8617,280.0,,MARGARET RIVER STATION,,,,AS
ASN00002020,-18.1894,127.5011,430.0,,MOOLA BULLA,,,,AS
ASN00002021,-18.3869,126.9892,300.0,,MOUNT AMHURST,,,,AS
ASN00002022,-18.016,126.3033,180.0,,MOUNT WINIFRED,,,,AS
ASN00002023,-18.0308,128.8942,380.0,,NICHOLSON,,,,AS
ASN00002024,-17.4,128.85,-999.9,,ORD RIVER,,,,AS
ASN00002025,-18.3667,127.5667,-999.9,,ROCKHOLE DOWNS,,,,AS
ASN00002026,-18.5958,127.6419,450.0,,RUBY PLAINS,,,,AS
ASN00002027,-16.35,128.0333,-999.9,,SPEEWA STATION,,,,AS
ASN00002028,-16.8181,128.8656,180.0,,SPRING CREEK,,,,AS
ASN00002029,-19.1625,128.1633,400.0,,STURT CREEK,,,,AS
ASN00002030,-17.2964,126.915,450.0,,YULMBU,,,,AS
ASN00002031,-17.0103,128.4669,250.0,,TEXAS DOWNS,,,,AS
ASN00002032,-17.0156,128.2175,203.0,,WARMUN,,,94213.0,AS
ASN00002033,-17.8,128.3,-999.9,,TURNER RIVER,,,,AS
ASN00002034,-18.45,127.95,-999.9,,ELVIRE,,,,AS
ASN00002035,-17.15,127.75,-999.9,,GREENVALE,,,,AS
ASN00002036,-17.3922,126.2306,280.0,,OLD MORNINGTON HOMESTEAD,,,,AS
ASN00002037,-17.3,128.0,-999.9,,VIOLET VALLEY,,,,AS
ASN00002038,-15.7828,128.7353,47.0,,KUNUNURRA,,,,AS
ASN00002039,-17.6667,126.0333,-999.9,,DIMOND GORGE,,,,AS
ASN00002040,-18.0333,127.9833,-999.9,,SAUNDERS CREEK,,,,AS
ASN00002041,-17.385,128.9231,170.0,,ORD RIVER REGENERATION STATION,,,,AS
ASN00002042,-17.3594,126.1086,240.0,,GLENROY,,,,AS
ASN00002043,-18.3368,126.1243,160.0,,MOUNT KRAUSS,,,,AS
ASN00002044,-16.1119,128.7414,163.0,,LAKE ARGYLE RESORT,,,,AS
ASN00002046,-16.95,128.1,-999.9,,ADA VALE,,,,AS
ASN00002047,-17.2631,127.4617,530.0,,BEDFORD DOWNS,,,,AS
ASN00002048,-18.2972,128.4419,380.0,,FLORA VALLEY,,,,AS
ASN00002049,-18.1947,127.8147,400.0,,SOPHIE DOWNS,,,,AS
ASN00002050,-17.7842,127.6853,420.0,,SPRINGVALE,,,,AS
ASN00002051,-19.5561,127.6644,305.0,,BILLILUNA,,,,AS
ASN00002052,-15.8367,128.7397,40.0,,TROPICAL FARM - ORD RIVER,,,,AS
ASN00002053,-17.6133,126.7442,400.0,,LANSDOWNE,,,,AS
ASN00002055,-19.1,128.5333,-999.9,,LEWIS CREEK,,,,AS
ASN00002056,-15.7814,128.71,44.0,,KUNUNURRA AERO,,,94216.0,AS
ASN00002057,-17.4206,128.2992,320.0,,BUNGLE BUNGLE NATIONAL PARK,,,,AS
ASN00002058,-18.35,128.4833,-999.9,,EUROTO,,,,AS
ASN00002059,-18.4333,127.75,-999.9,,RUBY CREEK GOLDMINE,,,,AS
ASN00002060,-16.0397,128.415,69.0,,KINGSTON REST,,,,AS
ASN00002061,-19.2353,127.7692,354.0,,CARRANYA STATION,,,,AS
ASN00002062,-18.4236,128.0314,310.0,,FOX RIVER,,,,AS
ASN00002063,-19.8761,128.4581,470.0,,LARRANGANNI,,,,AS
ASN00002064,-16.6381,128.4517,164.0,,ARGYLE AERODROME,,,94217.0,AS
ASN00002065,-17.3936,126.2281,280.0,,MORNINGTON,,,,AS
ASN00002066,-19.1764,127.6497,350.0,,CARRANYA 2,,,,AS
ASN00002067,-15.9816,128.9991,80.0,,KUNUNURRA CHECKPOINT,,,,AS
ASN00002069,-16.4433,127.7836,270.0,,KACHANA,,,,AS
ASN00002070,-16.8828,126.1267,416.0,,PHILLIPS RANGE,,,,AS
ASN00002071,-18.2303,127.6625,422.0,,HALLS CREEK COMPARISON,,,,AS
ASN00002075,-19.0378,126.0931,190.0,,BULKA,,,,AS
ASN00003000,-16.9806,122.6667,9.0,,BEAGLE BAY,,,,AS
ASN00003001,-17.2767,122.5711,153.0,,COUNTRY DOWNS,,,,AS
ASN00003002,-17.95,122.25,19.0,,BROOME POST OFFICE,,,,AS
ASN00003003,-17.9475,122.2353,7.4,,BROOME AIRPORT,GSN,,94203.0,AS
ASN00003004,-16.3961,122.9278,25.0,,CAPE LEVEQUE,,,,AS
ASN00003005,-17.5731,125.065,120.0,,FAIRFIELD STATION,,,,AS
ASN00003006,-18.1919,125.5644,114.0,,FITZROY CROSSING COMP.,,,,AS
ASN00003007,-17.3044,123.6292,8.0,,DERBY POST OFFICE,,,,AS
ASN00003008,-17.9281,124.8108,120.0,,ELLENDALE,,,,AS
ASN00003009,-18.355,125.3033,100.0,,JUBILEE DOWNS,,,,AS
ASN00003010,-17.3897,124.3578,90.0,,KIMBERLEY DOWNS,,,,AS
ASN00003011,-17.7535,125.3807,220.0,,LEOPOLD DOWNS,,,,AS
ASN00003012,-18.0483,124.1728,60.0,,LIVERINGA UPPER,,,,AS
ASN00003013,-18.145,124.0275,80.0,,LULUIGUI,,,,AS
ASN00003014,-18.2914,125.5869,150.0,,GOGO STATION,,,,AS
ASN00003015,-17.3681,123.9956,75.0,,MEDA,,,,AS
ASN00003016,-18.0358,123.9286,40.0,,MOUNT ANDERSON,,,,AS
ASN00003017,-17.0522,125.7047,270.0,,MOUNT HOUSE STATION,,,,AS
ASN00003018,-18.1219,124.2692,60.0,,MYROODAH,,,,AS
ASN00003019,-17.3306,124.8167,80.0,,NAPIER DOWNS,,,,AS
ASN00003020,-18.5,124.3992,95.0,,NERRIMA,,,,AS
ASN00003021,-18.4875,124.8231,70.0,,NOONKANBAH,,,,AS
ASN00003022,-18.3817,125.2267,100.0,,QUANBUN DOWNS,,,,AS
ASN00003023,-17.9311,122.4725,15.0,,ROEBUCK PLAINS,,,,AS
ASN00003024,-17.9464,123.7383,20.0,,UDIALLA,,,,AS
ASN00003025,-16.09,123.5942,13.0,,COCKATOO ISLAND,,,,AS
ASN00003026,-17.6153,123.6483,5.0,,YEEDA,,,,AS
ASN00003027,-18.1386,125.7764,120.0,,FOSSIL DOWNS,,,,AS
ASN00003028,-19.2536,121.4861,10.0,,ANNA PLAINS,,,,AS
ASN00003029,-18.7983,121.7125,9.0,,FRAZIER DOWNS,,,,AS
ASN00003030,-18.6844,121.7803,11.0,,BIDYADANGA,,,94202.0,AS
ASN00003031,-16.5167,122.8908,20.0,,LOMBADINA MISSION,,,,AS
ASN00003032,-17.3706,123.6611,6.2,,DERBY AERO,,,95205.0,AS
ASN00003033,-17.7472,124.5283,60.0,,BLINA,,,,AS
ASN00003035,-16.4,124.95,-999.9,,MUNJA,,,,AS
ASN00003036,-18.0,122.2167,9.0,,BROOME QUARANTINE STATION,,,,AS
ASN00003037,-17.4333,123.75,-999.9,,MUNKAYARRA,,,,AS
ASN00003039,-16.9667,125.3,-999.9,,SILENT GROVE,,,,AS
ASN00003040,-17.9903,124.1922,45.0,,CAMBALLIN,,,,AS
ASN00003041,-17.6925,122.7128,60.0,,KILTO STATION,,,,AS
ASN00003042,-19.2833,121.5,3.0,,TALGARNO,,,,AS
ASN00003043,-18.8789,125.9206,160.0,,CHRISTMAS CREEK,,,,AS
ASN00003044,-18.1103,125.6431,110.0,,BROOKING SPRINGS,,,,AS
ASN00003045,-19.1,121.5,-999.9,,CALANGADIE,,,,AS
ASN00003046,-18.4833,125.3333,91.0,,CHERRABUN,,,,AS
ASN00003047,-18.4,123.1,-999.9,,DAMPIER DOWNS,,,,AS
ASN00003048,-18.9158,125.5264,151.0,,CHERRABUN,,,,AS
ASN00003049,-16.9,125.7,-999.9,,ISADELL DOWNS,,,,AS
ASN00003050,-17.95,124.1667,-999.9,,LIVERINGA LOWER,,,,AS
ASN00003051,-16.7372,125.9086,401.0,,MOUNT BARNETT,,,,AS
ASN00003052,-16.8206,124.9158,190.0,,MOUNT HART STATION,,,,AS
ASN00003053,-16.7,123.9833,-999.9,,OBAGAMA,,,,AS
ASN00003054,-17.1,123.7,-999.9,,POINT TORMENT,,,,AS
ASN00003055,-18.7,121.75,-999.9,,ROLLAH,,,,AS
ASN00003056,-18.1792,122.3583,5.0,,THANGOO,,,,AS
ASN00003057,-16.4514,123.0086,7.0,,CYGNET BAY,,,94201.0,AS
ASN00003058,-18.8333,124.95,60.0,,MILLAJIDDIE,,,,AS
ASN00003059,-19.0861,121.6764,31.0,,NITA DOWNS,,,,AS
ASN00003060,-18.7667,123.6833,152.0,,ARDJORIE,,,,AS
ASN00003061,-16.695,123.8625,250.0,,KIMBOLTON RANGE STATION 1,,,,AS
ASN00003062,-16.5833,125.4833,-999.9,,BEVERLEY SP,,,,AS
ASN00003063,-16.715,125.4586,400.0,,BEVERLEY SPRINGS,,,,AS
ASN00003064,-18.1667,125.5833,-999.9,,FITZROY A.I.M,,,,AS
ASN00003065,-18.55,124.7167,-999.9,,KALYEEDA,,,,AS
ASN00003066,-18.5175,121.8072,10.0,,PORT SMITH,,,,AS
ASN00003068,-18.5075,123.4561,120.0,,DAMPIER DOWNS,,,,AS
ASN00003069,-16.1306,123.7764,152.0,,KOOLAN ISLAND,,,,AS
ASN00003072,-16.4508,123.0653,2.0,,ONE ARM POINT,,,,AS
ASN00003073,-16.6872,123.8375,25.0,,KIMBOLTON,,,,AS
ASN00003074,-17.9347,123.4731,50.0,,YAKKAMUNGA,,,,AS
ASN00003075,-17.3117,123.6356,-999.9,,DERBY RFDS,,,,AS
ASN00003076,-19.3283,125.3886,240.0,,WESTERN FIELD,,,,AS
ASN00003077,-18.5914,123.6133,120.0,,MOWLA BLUFF,,,,AS
ASN00003078,-18.7267,125.9875,200.0,,CADJEBUT,,,,AS
ASN00003079,-18.9897,121.7208,20.0,,SHELAMAR,,,,AS
ASN00003080,-17.5736,123.8217,77.5,,CURTIN AERO,,,94204.0,AS
ASN00003081,-17.5778,123.8222,91.0,,CURTIN,,,,AS
ASN00003082,-17.8672,122.3631,40.0,,KIRBY GARDENS,,,,AS
ASN00003083,-17.9769,122.3431,15.0,,BROOME BIRD OBSERVATORY,,,,AS
ASN00003084,-17.3436,123.6781,10.0,,DERBY (MANNING RD),,,,AS
ASN00003085,-17.4311,123.0389,80.0,,MOUNT JOWLAENGA,,,,AS
ASN00003086,-17.7278,123.6547,20.0,,WILLARE BRIDGE,,,,AS
ASN00003087,-17.5606,122.1458,15.0,,TANJUNGPANDAN,,,,AS
ASN00003088,-18.8375,126.5247,260.0,,LARRAWA,,,,AS
ASN00003089,-17.9492,122.2339,7.0,,BROOME COMPARISON,,,,AS
ASN00003090,-17.7981,124.0772,100.0,,DEBESA,,,,AS
ASN00003091,-18.9894,125.8478,200.0,,BEEFWOOD PARK,,,,AS
ASN00003092,-17.8578,122.2725,41.0,,SOUTH EAST WATERBANK,,,,AS
ASN00003093,-18.1814,125.5619,114.5,,FITZROY CROSSING AERO,,,94206.0,AS
ASN00003095,-18.3192,125.7806,160.0,,PILLARA SPRINGS,,,,AS
ASN00003096,-17.8964,122.3122,32.0,,WEST ROEBUCK,,,95204.0,AS
ASN00003098,-17.0549,125.7108,270.0,,MOUNT HOUSE AIRSTRIP,,,,AS
ASN00003100,-17.9503,124.2653,55.0,,LIVERINGA STATION,,,,AS
ASN00003103,-16.7733,122.5767,15.0,,MIDDLE LAGOON,,,,AS
ASN00003104,-17.6406,123.1722,50.0,,KIMBERLEY COLOURSTONE,,,,AS
ASN00003105,-18.1133,125.3428,175.0,,LAUREL DOWNS,,,,AS
ASN00004000,-21.4167,118.9333,226.0,,ABYDOS,,,,AS
ASN00004001,-20.9,117.1167,-999.9,,WOODBROOK,,,,AS
ASN00004002,-20.3139,118.5742,8.0,,PORT HEDLAND POST OFFICE,,,,AS
ASN00004003,-22.8,120.8625,500.0,,BALFOUR DOWNS,,,,AS
ASN00004004,-20.9264,120.2075,250.0,,BAMBOO CREEK,,,,AS
ASN00004005,-22.0517,119.6325,400.0,,BAMBOO SPRINGS,,,,AS
ASN00004006,-22.1828,119.935,480.0,,BONNEY DOWNS,,,,AS
ASN00004007,-20.4,118.4667,6.0,,BOODARIE,,,,AS
ASN00004008,-20.6392,119.2431,120.0,,CARLINDIE,,,,AS
ASN00004009,-20.6833,119.6667,-999.9,,COONGAN STATION,,,,AS
ASN00004010,-21.0333,117.1333,200.0,,COOYA POOYA,,,,AS
ASN00004011,-21.4667,119.8333,400.0,,CORUNNA DOWNS,,,,AS
ASN00004012,-20.1764,119.1906,15.0,,DE GREY,,,,AS
ASN00004013,-20.5167,119.6667,-999.9,,ETTRICK,,,,AS
ASN00004014,-20.85,119.7667,-999.9,,EGINBAH,,,,AS
ASN00004015,-21.7219,119.3989,271.0,,HILLSIDE STATION,,,,AS
ASN00004016,-20.7867,118.5972,80.0,,INDEE,,,,AS
ASN00004017,-21.15,118.1,-999.9,,STATION PEAK,,,,AS
ASN00004018,-21.1833,119.8167,-999.9,,LIMESTONE,,,,AS
ASN00004019,-19.7419,120.8436,7.5,,MANDORA,,,94200.0,AS
ASN00004020,-21.1756,119.7497,182.3,,MARBLE BAR COMPARISON,,,,AS
ASN00004021,-21.3122,120.0586,270.0,,MOUNT EDGAR,,,,AS
ASN00004022,-20.6333,120.0544,85.0,,MUCCAN,,,,AS
ASN00004023,-20.4619,119.5189,30.0,,MULYIE,,,,AS
ASN00004024,-20.5192,118.0603,20.0,,MUNDABULLANGANA,,,,AS
ASN00004025,-20.5,119.8,-999.9,,NIMINGARRA,,,,AS
ASN00004026,-22.2914,120.1761,495.0,,NOREENA DOWNS,,,,AS
ASN00004027,-21.8861,120.1103,380.0,,NULLAGINE,,,,AS
ASN00004028,-20.1078,119.5811,9.0,,PARDOO STATION,,,94311.0,AS
ASN00004030,-21.4,119.4,-999.9,,PILGA,,,,AS
ASN00004031,-20.6267,117.1925,30.0,,POINT SAMSON,,,,AS
ASN00004032,-20.3725,118.6317,6.4,,PORT HEDLAND AIRPORT,GSN,,94312.0,AS
ASN00004033,-21.0561,117.4436,40.0,,PYRAMID STATION,,,,AS
ASN00004034,-22.0167,121.4,-999.9,,RPF 734 MILE,,,,AS
ASN00004035,-20.7767,117.1456,12.0,,ROEBOURNE,,,94309.0,AS
ASN00004036,-20.4681,119.0556,67.0,,STRELLEY,,,,AS
ASN00004037,-21.05,120.0,200.0,,TALGA TALGA,,,,AS
ASN00004038,-20.7483,118.8172,97.0,,WALLAREENYA,,,,AS
ASN00004039,-20.9469,117.3733,30.0,,WARAMBIE,,,,AS
ASN00004040,-20.6472,119.5869,84.0,,WARRALONG,,,,AS
ASN00004041,-20.8503,120.695,159.0,,WARRAWAGINE,,,,AS
ASN00004042,-20.8394,117.8358,32.0,,WHIM CREEK,,,,AS
ASN00004043,-21.9931,119.0131,387.0,,REDMONT,,,,AS
ASN00004044,-19.5,121.3,-999.9,,WIDJUP OUTCAMP,,,,AS
ASN00004045,-21.62,118.955,250.0,,ABYDOS WOODSTOCK,,,,AS
ASN00004046,-20.6739,120.2044,100.0,,YARRIE,,,,AS
ASN00004047,-20.8333,118.9,120.0,,TABBA TABBA,,,,AS
ASN00004048,-21.2853,118.4042,120.0,,YANDEEARRA,,,,AS
ASN00004049,-21.6,119.6,-999.9,,SPLIT ROCK,,,,AS
ASN00004050,-21.6,119.7,-999.9,,YALGOORA,,,,AS
ASN00004051,-20.6,117.8,-999.9,,BALLA BALLA,,,,AS
ASN00004052,-20.5667,120.65,-999.9,,RPF 80 MILE,,,,AS
ASN00004053,-20.0,119.4,-999.9,,CONDON,,,,AS
ASN00004054,-20.6783,117.1892,7.0,,COSSACK,,,,AS
ASN00004055,-21.1,117.8,-999.9,,CROYDON,,,,AS
ASN00004056,-21.1,118.5167,-999.9,,KANGAN,,,,AS
ASN00004057,-20.8833,119.15,120.0,,LALLA ROOKH,,,,AS
ASN00004058,-20.7,121.0167,-999.9,,LOCHNAVAR,,,,AS
ASN00004059,-20.8822,118.0308,40.0,,MALLINA,,,,AS
ASN00004060,-21.8,120.3,-999.9,,MIDDLE CREEK,,,,AS
ASN00004061,-21.1,117.9833,-999.9,,MOUNT SATIRIST,,,,AS
ASN00004062,-20.1,119.75,-999.9,,MYADEE,,,,AS
ASN00004063,-22.2,120.2,-999.9,,POONDAWINDIE,,,,AS
ASN00004064,-20.45,118.8,-999.9,,POONDINIA,,,,AS
ASN00004065,-22.7,121.1,-999.9,,RPF 672 MILE,,,,AS
ASN00004066,-21.2,121.2,-999.9,,RPF 798 MILE,,,,AS
ASN00004067,-20.55,119.3,-999.9,,SHAW RIVER,,,,AS
ASN00004068,-19.7789,120.6417,9.0,,WALLAL DOWNS,,,,AS
ASN00004069,-21.3,119.8,-999.9,,WARRAWOONA,,,,AS
ASN00004070,-20.9,119.7,-999.9,,COONGAN HOTEL,,,,AS
ASN00004071,-21.05,117.45,-999.9,,PYRAMID 1,,,,AS
ASN00004072,-20.4833,116.5333,7.0,,ROSEMARY ISLAND,,,,AS
ASN00004074,-20.3422,119.5206,45.0,,GOLDSWORTHY,,,,AS
ASN00004076,-21.175,117.2208,200.0,,HARDING RIVER 2,,,,AS
ASN00004077,-20.7167,120.85,-999.9,,BARRAMINE,,,,AS
ASN00004079,-21.3625,118.8783,223.0,,YANDEE,,,,AS
ASN00004080,-20.635,120.5,175.0,,CALLAWA,,,,AS
ASN00004081,-21.4333,119.7833,244.0,,CORUNNA DOWNS AIRSTRIP,,,,AS
ASN00004082,-20.615,117.1633,20.0,,CAPE LAMBERT,,,,AS
ASN00004083,-20.7097,116.7742,7.0,,KARRATHA AERO,,,95307.0,AS
ASN00004084,-20.4958,120.1672,164.0,,SHAY GAP,,,,AS
ASN00004085,-21.75,119.1833,-999.9,,TAMBOURAH,,,,AS
ASN00004086,-20.8956,117.6447,30.0,,SHERLOCK,,,,AS
ASN00004087,-21.2333,117.05,200.0,,HARDING RIVER 3,,,,AS
ASN00004088,-21.1467,119.4333,200.0,,NORTH POLE,,,,AS
ASN00004089,-20.6744,117.1428,10.0,,WICKHAM,,,,AS
ASN00004090,-20.7594,117.1583,10.7,,ROEBOURNE AERO,,,94308.0,AS
ASN00004092,-20.9786,117.0953,60.0,,HARDING DAM,,,,AS
ASN00004093,-20.3292,119.1878,60.0,,STRELLEY PUMPING STATION,,,,AS
ASN00004094,-20.4119,120.0103,160.0,,NIMINGARRA MINE,,,,AS
ASN00004096,-22.4272,120.8578,450.0,,MOUNT DIVIDE,,,,AS
ASN00004097,-20.6175,116.7517,48.0,,DAMPIER PORT,,,,AS
ASN00004098,-20.2906,119.28,22.0,,DE GREY BOREFIELD,,,,AS
ASN00004099,-20.7381,116.8489,18.0,,KARRATHA TOWN,,,,AS
ASN00004101,-20.3167,119.3333,-999.9,,R 1 BOREHOLE,,,,AS
ASN00004102,-21.2933,120.4658,220.0,,MEENTHEENA,,,,AS
ASN00004103,-21.6672,121.5756,290.0,,NIFTY COPPER MINE,,,,AS
ASN00004104,-20.3736,118.6297,9.0,,PORT HEDLAND MILOS AWS COMPARI,,,,AS
ASN00004106,-21.1756,119.7497,182.3,,MARBLE BAR,,,95317.0,AS
ASN00005000,-22.5833,115.85,-999.9,,BOOLALOO,,,,AS
ASN00005001,-21.8047,117.8056,360.0,,COOLAWANYAH,,,,AS
ASN00005002,-22.515,116.5825,280.0,,DUCK CREEK,,,,AS
ASN00005003,-22.8975,120.1733,425.0,,ETHEL CREEK,,,,AS
ASN00005004,-22.3761,114.1108,15.0,,EXMOUTH GULF,,,,AS
ASN00005005,-22.2792,117.6772,590.0,,HAMERSLEY,,,,AS
ASN00005006,-22.9119,116.2903,160.0,,KOOLINE,,,,AS
ASN00005007,-22.2406,114.0967,5.0,,LEARMONTH AIRPORT,GSN,,94302.0,AS
ASN00005008,-21.1906,115.9797,11.0,,MARDIE,,,94306.0,AS
ASN00005009,-22.6331,119.4081,430.0,,MARILLANA,,,,AS
ASN00005010,-22.9742,114.4597,120.0,,MARRILLA,,,,AS
ASN00005011,-22.7,115.8,-999.9,,MEILGA,,,,AS
ASN00005012,-21.5906,117.0656,300.0,,MILLSTREAM,,,,AS
ASN00005013,-21.9961,115.0456,15.0,,MINDEROO,,,,AS
ASN00005014,-21.7869,117.8647,450.0,,MOUNT FLORANCE,,,,AS
ASN00005015,-22.1039,118.4703,400.0,,MULGA DOWNS,,,,AS
ASN00005016,-21.6364,115.1117,4.0,,ONSLOW,,,94305.0,AS
ASN00005017,-21.6689,115.1092,10.5,,ONSLOW AIRPORT,,,95305.0,AS
ASN00005018,-21.85,115.6167,150.0,,PEEDAMULLAH,,,,AS
ASN00005019,-21.6333,115.85,11.0,,WARRAMBOO,,,,AS
ASN00005020,-22.6975,113.6747,10.0,,NINGALOO,,,,AS
ASN00005021,-22.2667,115.4167,-999.9,,RANGE,,,,AS
ASN00005022,-21.975,116.0653,150.0,,RED HILL,,,,AS
ASN00005023,-22.6217,119.9564,410.0,,ROY HILL,,,,AS
ASN00005024,-21.8067,114.1072,12.0,,VLAMINGH HEAD,,,,AS
ASN00005025,-22.4,119.5333,-999.9,,WARRIE,,,,AS
ASN00005026,-22.2425,118.3358,463.0,,WITTENOOM,,,94313.0,AS
ASN00005027,-22.3167,118.3167,610.0,,WITTENOOM GORGE,,,,AS
ASN00005028,-22.6906,116.2328,150.0,,WYLOO,,,,AS
ASN00005029,-21.6767,116.3928,180.0,,YALLEEN,,,,AS
ASN00005030,-22.5064,114.7944,25.0,,YANREY,,,,AS
ASN00005031,-21.8875,114.0092,6.0,,YARDIE CREEK,,,,AS
ASN00005032,-21.5703,115.8786,50.0,,YARRALOOLA,,,,AS
ASN00005033,-22.2933,115.0342,150.0,,KOORDARRIE,,,,AS
ASN00005034,-22.4558,116.0508,160.0,,MOUNT STUART,,,,AS
ASN00005035,-21.6,117.6,-999.9,,TAMBREY,,,,AS
ASN00005036,-22.9367,115.9825,170.0,,GLEN FLORRIE STATION,,,,AS
ASN00005037,-21.7,117.45,-999.9,,KANGIANGI,,,,AS
ASN00005038,-21.3667,115.85,-999.9,,CHINGINARRA,,,,AS
ASN00005039,-22.6,114.4,-999.9,,LEARMONTH ARTESIAN,,,,AS
ASN00005040,-21.1594,116.1197,15.0,,BALMORAL,,,,AS
ASN00005041,-22.6,116.1,-999.9,,COORARA STATION,,,,AS
ASN00005042,-21.7,116.1,-999.9,,DEEPDALE 1,,,,AS
ASN00005043,-21.9,115.2,-999.9,,DIOMENOR,,,,AS
ASN00005044,-21.1,116.1,-999.9,,FORTESCUE,,,,AS
ASN00005045,-22.685,114.3672,30.0,,GIRALIA,,,,AS
ASN00005046,-22.7,116.1,-999.9,,HARDY JUNCTION,,,,AS
ASN00005047,-22.25,119.1,-999.9,,KERDIADARY,,,,AS
ASN00005048,-22.5403,115.4981,80.0,,NANUTARRA,,,,AS
ASN00005049,-21.6,117.6,-999.9,,TABLELAND,,,,AS
ASN00005050,-21.6,116.4,-999.9,,MOUNT ENID,,,,AS
ASN00005051,-21.9303,114.1256,13.0,,EXMOUTH TOWN,,,,AS
ASN00005052,-20.8831,116.6725,30.0,,KARRATHA STATION,,,,AS
ASN00005053,-20.6553,116.6789,50.0,,EAST INTERCOURSE ISLAND,,,,AS
ASN00005055,-22.2275,118.345,441.7,,WITTENOOM AERO,,,,AS
ASN00005057,-21.3417,117.0833,-999.9,,HARDING RIVER,,,,AS
ASN00005058,-20.8206,115.3931,62.0,,BARROW ISLAND,,,,AS
ASN00005059,-22.6125,117.625,-999.9,,MOUNT LIONEL AIRSTRIP,,,,AS
ASN00005060,-22.3333,114.05,7.0,,NAVY CHARLIE,,,,AS
ASN00005061,-20.7278,116.7483,6.0,,DAMPIER SALT,,,,AS
ASN00005063,-22.3,117.2833,-999.9,,MOUNT BROCKMAN,,,,AS
ASN00005064,-22.7825,119.6172,433.0,,SAND HILL,,,,AS
ASN00005066,-22.7817,115.3706,100.0,,UAROO,,,,AS
ASN00005067,-22.0894,115.6239,80.0,,CANE RIVER,,,,AS
ASN00005068,-22.6811,114.0394,20.0,,BULLARA,,,,AS
ASN00005069,-21.6392,116.3308,200.0,,PANNAWONICA,,,,AS
ASN00005070,-21.3567,115.8208,10.0,,ROBE,,,,AS
ASN00005071,-21.3444,115.9356,11.0,,PINDRAL OUTCAMP,,,,AS
ASN00005072,-22.6967,117.7703,746.0,,TOM PRICE,,,95316.0,AS
ASN00005073,-21.8836,118.2217,500.0,,HOOLEY,,,,AS
ASN00005074,-22.6344,118.1119,726.0,,MARANDOO,,,,AS
ASN00005075,-21.8222,114.1714,7.0,,NAVY ALPHA,,,,AS
ASN00005076,-22.745,117.6656,606.0,,TOM PRICE AERO,,,,AS
ASN00005078,-21.7672,114.8211,5.0,,URALA,,,,AS
ASN00005079,-21.4625,115.0194,5.0,,THEVENARD ISLAND,,,,AS
ASN00005082,-21.0544,116.2575,50.0,,ERAMURRA POOL,,,,AS
ASN00005083,-20.7692,116.8603,15.0,,KARRATHA WATER RESOURCES,,,,AS
ASN00005084,-21.4606,115.0197,5.0,,THEVENARD ISLAND,,,94303.0,AS
ASN00005085,-22.8853,117.4464,420.0,,ROCKLEA,,,,AS
ASN00005086,-21.2947,116.1383,55.0,,FORTESCUE ROAD HOUSE,,,,AS
ASN00005087,-21.5833,117.05,-999.9,,MILLSTREAM CWS PUMPING STATION,,,,AS
ASN00005088,-21.2475,116.0733,38.0,,MULYERING,,,,AS
ASN00005089,-22.9003,118.7031,720.0,,PACKSADDLE CAMP,,,,AS
ASN00005090,-21.9711,115.4325,55.0,,MOUNT MINNIE,,,,AS
ASN00005092,-22.2367,114.0869,5.0,,LEARMONTH MILOS AWS COMPARISON,,,,AS
ASN00005093,-22.3767,118.6886,460.0,,AUSKI MUNJINA ROADHOUSE,,,,AS
ASN00005094,-20.875,115.4056,6.4,,BARROW ISLAND AIRPORT,,,95304.0,AS
ASN00005095,-22.9367,116.9731,300.0,,CHEELA PLAINS,,,,AS
ASN00006000,-25.0417,115.3092,180.0,,BIDGEMIA,,,,AS
ASN00006001,-27.4231,115.8347,254.0,,BILLABALONG,,,,AS
ASN00006002,-24.685,114.8358,90.0,,BINTHALYA,,,,AS
ASN00006003,-24.6525,113.6936,4.0,,BOOLATHANA,,,,AS
ASN00006004,-24.3333,114.0242,90.0,,BOOLOGOORO,,,,AS
ASN00006005,-24.8208,113.7853,15.0,,BRICKHOUSE,,,,AS
ASN00006006,-27.855,115.6733,300.0,,BULLARDOO,,,,AS
ASN00006007,-26.2739,115.2578,218.0,,TALISKER,,,,AS
ASN00006008,-25.0481,114.0294,25.0,,CALLAGIDDY STATION,,,,AS
ASN00006009,-23.105,113.8031,6.0,,CARDABIA,,,,AS
ASN00006010,-25.6114,115.4625,250.0,,CAREY DOWNS,,,,AS
ASN00006011,-24.8878,113.67,4.0,,CARNARVON AIRPORT,GSN,,94300.0,AS
ASN00006012,-26.4628,113.505,20.0,,CARRARANG,,,,AS
ASN00006013,-26.6972,114.3181,150.0,,COBURN STATION,,,,AS
ASN00006014,-23.5,114.1,-999.9,,COOKERABINGIE,,,,AS
ASN00006015,-24.4447,114.0781,45.0,,COORALYA,,,,AS
ASN00006016,-23.3,114.7,-999.9,,CORDALIA,,,,AS
ASN00006017,-25.2786,115.8633,300.0,,DAIRY CREEK,,,,AS
ASN00006018,-26.0333,113.2167,-999.9,,DIRK HARTOG ISLAND,,,,AS
ASN00006019,-24.8061,114.4322,70.0,,DOORAWARRAH,,,,AS
ASN00006020,-25.36,114.2292,30.0,,EDAGGEE,,,,AS
ASN00006021,-24.4508,115.6072,400.0,,EUDAMULLAH,,,,AS
ASN00006022,-25.0544,115.21,144.0,,GASCOYNE JUNCTION,,,94410.0,AS
ASN00006023,-23.8222,113.5256,20.0,,GNARALOO,,,,AS
ASN00006024,-24.6667,114.35,-999.9,,GOOMBARDIE,,,,AS
ASN00006025,-26.4008,114.1667,15.0,,HAMELIN POOL,,,,AS
ASN00006026,-26.4275,114.1919,25.0,,HAMELIN STATION,,,,AS
ASN00006027,-25.0442,115.1331,180.0,,JIMBA JIMBA,,,,AS
ASN00006028,-26.4,114.4667,-999.9,,THE OVERLANDER,,,,AS
ASN00006029,-23.6361,115.2461,210.0,,LYNDON,,,,AS
ASN00006030,-24.6314,115.3383,175.0,,LYONS RIVER,,,,AS
ASN00006031,-23.915,115.6183,300.0,,MANGAROON,,,,AS
ASN00006032,-24.4733,114.5553,90.0,,MARDATHUNA,,,,AS
ASN00006033,-23.4789,115.5481,250.0,,MAROONAH,,,,AS
ASN00006034,-25.3656,114.3594,40.0,,MARRON,,,,AS
ASN00006035,-26.7025,114.6183,180.0,,MEADOW STATION,,,,AS
ASN00006036,-25.6644,114.6267,60.0,,MEEDO,,,,AS
ASN00006037,-24.3142,115.1892,300.0,,MERLINLEIGH,,,,AS
ASN00006038,-23.3817,114.4375,75.0,,MIA MIA,,,,AS
ASN00006039,-23.8497,113.9714,3.0,,MINILYA,,,,AS
ASN00006040,-24.0306,115.6967,300.0,,MINNIE CREEK,,,,AS
ASN00006041,-24.0633,115.205,300.0,,MOOGOOREE,,,,AS
ASN00006042,-24.4117,115.3958,370.0,,MOUNT SANDIMAN,,,,AS
ASN00006043,-27.37,115.6517,300.0,,NEW FOREST,,,,AS
ASN00006044,-25.9261,113.5319,9.0,,DENHAM,,,94402.0,AS
ASN00006045,-26.6969,113.7158,50.0,,TAMALA,,,,AS
ASN00006046,-23.1747,115.1194,120.0,,TOWERA,,,,AS
ASN00006047,-25.405,115.2267,200.0,,TOWRANA,,,,AS
ASN00006048,-27.3853,115.9664,260.0,,TWIN PEAKS,,,,AS
ASN00006049,-27.1,115.5,-999.9,,WAIL,,,,AS
ASN00006050,-23.7647,114.5539,90.0,,WANDAGEE,,,,AS
ASN00006051,-27.9864,115.6306,300.0,,WANDINA,,,,AS
ASN00006052,-23.8608,115.1475,190.0,,WILLIAMBURY,,,,AS
ASN00006053,-25.3017,115.1161,170.0,,WINDERIE,,,,AS
ASN00006054,-26.0511,114.7542,180.0,,WOODLEIGH,,,,AS
ASN00006055,-27.7458,115.8286,300.0,,WOOLGORONG,,,,AS
ASN00006056,-25.74,114.2847,16.0,,WOORAMEL,,,,AS
ASN00006057,-25.1833,114.6767,90.0,,YALBALGO,,,,AS
ASN00006058,-27.4278,115.5147,240.0,,YALLALONG,,,,AS
ASN00006059,-25.9436,114.3222,13.0,,YARINGA STATION,,,,AS
ASN00006060,-26.2011,114.2869,30.0,,CARBLA STATION,,,,AS
ASN00006061,-24.9017,114.2164,45.0,,MEERAGOOLIA,,,,AS
ASN00006062,-24.9,113.65,4.6,,CARNARVON POST OFFICE,,,,AS
ASN00006063,-27.5167,115.05,-999.9,,COOLCALALYA,,,,AS
ASN00006064,-24.2167,115.3833,-999.9,,MOOGOOREE O.S.,,,,AS
ASN00006065,-23.4,114.7,-999.9,,PLEAIDES,,,,AS
ASN00006066,-23.1567,114.5403,75.0,,WINNING,,,,AS
ASN00006067,-23.5,114.0167,-999.9,,MIA MIA 2 SUB BORE,,,,AS
ASN00006068,-25.4906,114.3981,40.0,,WAHROONGA,,,,AS
ASN00006069,-26.5903,115.9267,300.0,,MOUNT NARRYER,,,,AS
ASN00006070,-24.3058,114.5003,60.0,,HILL SPRINGS,,,,AS
ASN00006071,-26.6167,115.5467,280.0,,MUGGON,,,,AS
ASN00006072,-23.0314,115.0414,111.0,,EMU CREEK STATION,,,94318.0,AS
ASN00006073,-24.8333,113.3,-999.9,,BERNIER ISLAND,,,,AS
ASN00006074,-24.8667,114.5833,-999.9,,MILLIE MILLIE,,,,AS
ASN00006075,-25.2,113.9,-999.9,,BOODALIA,,,,AS
ASN00006076,-26.3,114.25,-999.9,,BOOLAGOORDA,,,,AS
ASN00006077,-25.3,115.6,-999.9,,BOUNDARY STORE,,,,AS
ASN00006078,-25.8,115.1,-999.9,,CALLATHARRA,,,,AS
ASN00006079,-25.0881,114.3853,60.0,,ELLA VALLA,,,,AS
ASN00006080,-26.2564,113.8064,20.0,,NANGA,,,,AS
ASN00006081,-26.4,114.05,-999.9,,NILEMAH,,,,AS
ASN00006082,-24.5,113.5,-999.9,,POINT CHARLES,,,,AS
ASN00006083,-24.3,113.8,-999.9,,SHAWS TANK,,,,AS
ASN00006084,-23.4853,113.7811,20.0,,WARROORA,,,,AS
ASN00006085,-24.2,114.1,-999.9,,YALOBIA,,,,AS
ASN00006087,-24.8167,113.8333,17.0,,BRICKHOUSE WOOLSHED,,,,AS
ASN00006088,-24.4333,114.2667,-999.9,,COORALYA O.S.,,,,AS
ASN00006089,-23.6333,113.6167,-999.9,,CAPE FARQUHAR,,,,AS
ASN00006090,-26.96,115.9733,300.0,,MEEBERRIE,,,,AS
ASN00006091,-25.9667,115.9833,-999.9,,MEARABUNDIE,,,,AS
ASN00006092,-26.8156,114.6133,140.0,,BILLABONG ROADHOUSE,,,94406.0,AS
ASN00006093,-23.81,114.0083,60.0,,MINILYA BRIDGE,,,,AS
ASN00006094,-24.2167,113.3833,41.0,,CAPE CUVIER,,,,AS
ASN00006095,-24.3967,113.4056,16.0,,QUOBBA,,,,AS
ASN00006096,-25.0167,114.2833,-999.9,,DOORAWARRAH O.S.,,,,AS
ASN00006097,-26.1203,113.3975,3.0,,USELESS LOOP,,,,AS
ASN00006098,-25.0294,115.8628,300.0,,WEEDARRAH,,,,AS
ASN00006099,-26.8936,115.9561,287.0,,MURCHISON,,,94422.0,AS
ASN00006100,-27.525,115.0569,220.0,,COOLCALALAYA,,,,AS
ASN00006101,-26.0983,115.2444,200.0,,YALARDY,,,,AS
ASN00006102,-26.1764,113.215,4.0,,STEEP POINT,,,,AS
ASN00006103,-23.9064,114.7681,100.0,,MIDDALYA,,,,AS
ASN00006105,-25.8925,113.5772,33.8,,SHARK BAY AIRPORT,,,95402.0,AS
ASN00006106,-25.0381,115.9953,320.0,,MOOLOO DOWNS,,,,AS
ASN00006107,-24.8128,113.7925,15.0,,FAR END PLANTATION,,,,AS
ASN00007000,-28.6294,116.2814,340.0,,BARNONG,,,,AS
ASN00007001,-26.9667,117.9167,-999.9,,BEEBYN,,,,AS
ASN00007002,-26.3611,118.0283,500.0,,BELELE,,,,AS
ASN00007003,-26.0417,116.9528,450.0,,BERINGARRA,,,,AS
ASN00007004,-27.35,117.6667,-999.9,,BIG BELL,,,,AS
ASN00007005,-28.3,117.9,-999.9,,BOODANOO,,,,AS
ASN00007006,-28.0411,117.6703,450.0,,BOOGARDIE,,,,AS
ASN00007007,-26.9844,116.5361,300.0,,BOOLARDY,,,,AS
ASN00007008,-25.5067,118.7933,550.0,,BRYAH,,,,AS
ASN00007009,-27.4833,117.3,-999.9,,BULLARA,,,,AS
ASN00007010,-28.6097,116.5714,300.0,,BUNNAWARRA,,,,AS
ASN00007011,-28.7839,117.3625,400.0,,BURNERBINMAH,,,,AS
ASN00007012,-26.1297,118.4853,500.0,,BUTTAH,,,,AS
ASN00007013,-27.25,118.3333,-999.9,,COGLA DOWNS NATTE,,,,AS
ASN00007014,-27.2528,117.6525,500.0,,COODARDY,,,,AS
ASN00007015,-27.3,117.25,-999.9,,COODARDY YENTON,,,,AS
ASN00007016,-29.3667,117.7,-999.9,,COODINGNOW,,,,AS
ASN00007017,-27.4233,117.8994,453.0,,CUE,,,,AS
ASN00007018,-27.0392,118.365,450.0,,CULLCULLI,,,,AS
ASN00007019,-24.0019,119.5725,600.0,,BULLOO DOWNS,,,,AS
ASN00007020,-26.8764,118.1731,400.0,,ANNEAN,,,,AS
ASN00007021,-27.3839,117.7453,450.0,,AUSTIN DOWNS,,,,AS
ASN00007022,-27.4667,117.85,-999.9,,DAY DAWN,,,,AS
ASN00007023,-25.6864,119.2258,600.0,,DOOLGUNNA,,,,AS
ASN00007024,-28.2731,117.1544,350.0,,EDAH,,,,AS
ASN00007025,-23.9214,116.5594,450.0,,WANNA,,,,AS
ASN00007026,-26.45,118.2,-999.9,,FOUR CORNERS,,,,AS
ASN00007027,-28.2494,116.34,340.0,,GABYON,,,,AS
ASN00007028,-24.0469,116.2181,320.0,,WANNA,,,,AS
ASN00007029,-25.4333,116.1167,-999.9,,GLENBURGH,,,,AS
ASN00007030,-26.1142,117.5047,500.0,,JUDAL STATION,,,,AS
ASN00007031,-26.905,118.8361,600.0,,HILLVIEW,,,,AS
ASN00007032,-27.6292,117.4867,500.0,,ILLGIDDY,,,,AS
ASN00007033,-24.3444,119.5808,620.0,,ILLGARARIE,,,,AS
ASN00007034,-27.7447,116.7442,400.0,,JINGEMARRA,,,,AS
ASN00007035,-26.8936,117.1211,500.0,,KALLI,,,,AS
ASN00007036,-26.3475,118.9583,500.0,,KILLARA,,,,AS
ASN00007037,-28.5564,117.7803,400.0,,KIRKALOCKA,,,,AS
ASN00007038,-26.275,117.7842,500.0,,KOONMARRA,,,,AS
ASN00007039,-27.6,117.9,-999.9,,LAKE AUSTIN,,,,AS
ASN00007040,-27.5958,117.75,400.0,,LAKESIDE,,,,AS
ASN00007041,-25.1303,116.9047,400.0,,LANDOR,,,,AS
ASN00007042,-26.9367,117.5928,600.0,,MADOONGA,,,,AS
ASN00007043,-26.4458,116.5467,450.0,,MANFRED,,,,AS
ASN00007044,-28.3,116.2,-999.9,,MARLOO,,,,AS
ASN00007045,-26.6136,118.5372,517.0,,MEEKATHARRA AIRPORT,GSN,,94430.0,AS
ASN00007046,-26.5933,118.4883,511.0,,MEEKATHARRA POST OFFICE,,,,AS
ASN00007047,-28.4467,118.2675,450.0,,MEELINE STATION,,,,AS
ASN00007048,-27.4222,116.825,350.0,,MEKA STATION,,,,AS
ASN00007049,-26.3736,117.3339,400.0,,MILEURA,,,,AS
ASN00007050,-25.0942,118.2983,600.0,,MILGUN,,,,AS
ASN00007051,-24.95,118.7133,540.0,,MINGAH,,,,AS
ASN00007052,-25.9214,117.6,600.0,,MOORARIE,,,,AS
ASN00007053,-24.3086,116.9111,337.0,,MOUNT AUGUSTUS,,,,AS
ASN00007054,-27.8794,117.5506,600.0,,MOUNT FARMER,,,,AS
ASN00007055,-25.8064,117.3906,600.0,,MOUNT GOULD,,,,AS
ASN00007056,-24.8567,116.895,250.0,,MOUNT JAMES,,,,AS
ASN00007057,-28.0619,117.8503,426.0,,MOUNT MAGNET,,,,AS
ASN00007058,-24.4,116.3078,300.0,,MOUNT PHILLIP,,,,AS
ASN00007059,-24.2297,118.2408,350.0,,MOUNT VERNON,,,,AS
ASN00007060,-27.4189,116.6897,350.0,,MOUNT WITTENOOM,,,,AS
ASN00007061,-24.8333,118.4717,600.0,,MULGUL,,,,AS
ASN00007062,-23.7942,120.2442,571.0,,MUNDIWINDI,,,,AS
ASN00007063,-28.5253,117.0344,350.0,,MURALGARRA,,,,AS
ASN00007064,-27.3636,116.4261,303.0,,MURGOO,,,,AS
ASN00007065,-28.6519,117.6083,400.0,,NALBARRA,,,,AS
ASN00007066,-26.9,118.4,448.0,,NANNINE,,,,AS
ASN00007067,-28.9464,118.1867,442.2,,NARNDEE,,,,AS
ASN00007068,-29.425,117.2906,330.0,,NINGHAN STATION,,,,AS
ASN00007069,-28.1233,116.8294,390.0,,NOONGALL,,,,AS
ASN00007070,-25.6381,118.7131,-999.9,,PEAK HILL,,,,AS
ASN00007071,-28.0531,116.6514,350.0,,PINDATHUNA,,,,AS
ASN00007072,-29.1886,117.9222,350.0,,PULLAGAROO,,,,AS
ASN00007073,-29.55,118.5,-999.9,,RPF 126 MILE,,,,AS
ASN00007074,-29.0167,118.45,-999.9,,DROMEDARY HILLS,,,,AS
ASN00007075,-26.85,118.7,-999.9,,RPF 180 MILE,,,,AS
ASN00007076,-27.95,118.6,-999.9,,RPF 206 MILE,,,,AS
ASN00007077,-27.15,118.25,-999.9,,REEDY,,,,AS
ASN00007078,-26.5597,118.5397,500.0,,SHERWOOD,,,,AS
ASN00007079,-23.5867,120.0517,600.0,,SYLVANIA,,,,AS
ASN00007080,-25.1256,119.1514,520.0,,THREE RIVERS,,,,AS
ASN00007081,-28.8928,117.1333,353.0,,THUNDELARRA,,,,AS
ASN00007082,-27.1192,118.0842,476.0,,TUCKANARRA,,,,AS
ASN00007083,-23.6239,118.6561,530.0,,TUREE CREEK,,,,AS
ASN00007084,-23.48,116.1108,500.0,,ULLAWARRA,,,,AS
ASN00007085,-27.8336,117.8792,450.0,,WANARIE,,,,AS
ASN00007086,-25.7,118.0,-999.9,,WANDARY,,,,AS
ASN00007087,-28.0097,118.5753,450.0,,WINDSOR,,,,AS
ASN00007088,-27.8058,116.5692,350.0,,WOOGALONG,,,,AS
ASN00007089,-27.0878,116.1606,300.0,,WOOLEEN,,,,AS
ASN00007090,-28.8439,117.8317,450.0,,WYDGEE,,,,AS
ASN00007091,-28.3392,116.6828,318.0,,YALGOO,,,,AS
ASN00007092,-26.3608,119.8233,500.0,,YANDIL,,,,AS
ASN00007093,-25.5786,117.9931,500.0,,YARLERWEELOR,,,,AS
ASN00007094,-24.6514,116.1647,299.0,,YINNETHARRA,,,,AS
ASN00007095,-28.2322,117.6556,400.0,,YOWERAGABBIE,,,,AS
ASN00007096,-27.9808,116.0347,300.0,,YUIN,,,,AS
ASN00007097,-27.8608,118.4183,300.0,,WONDINONG,,,,AS
ASN00007098,-28.8,117.6,-999.9,,COONATHAGO O.S.,,,,AS
ASN00007099,-27.1308,118.7803,450.0,,YARRABUBBA,,,,AS
ASN00007100,-25.6933,118.0803,487.0,,MOUNT PADBURY,,,,AS
ASN00007101,-26.2822,118.6933,500.0,,MUNARRA,,,,AS
ASN00007102,-23.5,120.5,-999.9,,MURRAMUNDA,,,,AS
ASN00007103,-25.48,119.6492,600.0,,NEDS CREEK,,,,AS
ASN00007104,-23.9958,117.5225,400.0,,PINGANDY,,,,AS
ASN00007105,-24.8094,118.1111,519.0,,WOODLANDS,,,,AS
ASN00007106,-28.415,116.2833,350.0,,WURARGA,,,,AS
ASN00007107,-27.1178,117.1175,450.0,,NOONDIE 2,,,,AS
ASN00007108,-28.325,118.545,450.0,,WINDIMURRA,,,,AS
ASN00007110,-27.95,117.8667,-999.9,,LENNONVILLE,,,,AS
ASN00007111,-24.2008,116.475,350.0,,COBRA STATION,,,,AS
ASN00007112,-26.0667,118.6667,-999.9,,BUNGALOW,,,,AS
ASN00007113,-25.3333,117.25,-999.9,,ERRIVILLA,,,,AS
ASN00007114,-28.4833,116.55,-999.9,,WEARAGAMINDA,,,,AS
ASN00007115,-28.0,118.0,-999.9,,WOOLARA,,,,AS
ASN00007116,-26.4,119.8,-999.9,,RPF 375,,,,AS
ASN00007117,-26.1667,116.25,-999.9,,YARRA YARRA,,,,AS
ASN00007118,-26.4,118.4,-999.9,,ABBOTTS,,,,AS
ASN00007119,-23.3856,117.0319,250.0,,ASHBURTON DOWNS,,,,AS
ASN00007120,-28.6,116.8,-999.9,,BADGA,,,,AS
ASN00007121,-24.7,119.75,-999.9,,BALD HILL,,,,AS
ASN00007122,-29.45,118.45,-999.9,,BUNGAR,,,,AS
ASN00007123,-27.4375,118.9292,500.0,,COGLA DOWNS,,,,AS
ASN00007124,-25.2806,116.2083,400.0,,DALGETY DOWNS,,,,AS
ASN00007125,-29.0,117.3,-999.9,,FIELDS FIND,,,,AS
ASN00007126,-28.7,116.3,-999.9,,GULLEWA POST OFFICE,,,,AS
ASN00007127,-28.6,116.3,-999.9,,GULLEWA HOUSE,,,,AS
ASN00007128,-26.9,119.25,-999.9,,GUM CREEK,,,,AS
ASN00007129,-27.8036,116.8856,420.0,,MELANGATA,,,,AS
ASN00007130,-26.0747,116.6942,500.0,,MILLY MILLY,,,,AS
ASN00007131,-26.95,117.5,-999.9,,MINDOOLAH,,,,AS
ASN00007132,-25.0964,117.5922,472.0,,MOUNT CLERE,,,,AS
ASN00007133,-24.95,117.75,-999.9,,MOUNT EDGERTON,,,,AS
ASN00007134,-26.795,118.9842,500.0,,MURCHISON DOWNS,,,,AS
ASN00007135,-28.2747,117.3919,350.0,,MURRUM STATION,,,,AS
ASN00007136,-27.2,118.0,-999.9,,LAKE VIEW DOWNS,,,,AS
ASN00007137,-26.3028,116.8789,370.0,,NOOKAWARRA,,,,AS
ASN00007139,-29.2708,117.6836,339.0,,PAYNES FIND,,,94404.0,AS
ASN00007140,-27.65,117.6,-999.9,,RPF TWO 64 MILE,,,,AS
ASN00007141,-29.3,116.9,-999.9,,ROTHESAY,,,,AS
ASN00007142,-25.97,118.6233,520.0,,CASHMAN,,,,AS
ASN00007143,-28.5,116.5,-999.9,,WAGGA WAGGA,,,,AS
ASN00007144,-29.0,117.0,-999.9,,WARRIDAH,,,,AS
ASN00007145,-29.1,117.0,-999.9,,WARRIEDAR,,,,AS
ASN00007146,-28.3831,117.6817,400.0,,WOGARNO,,,,AS
ASN00007147,-27.55,118.0167,-999.9,,YARRAQUIN,,,,AS
ASN00007148,-26.25,116.6,-999.9,,YEDDERADDA,,,,AS
ASN00007149,-26.5942,118.4883,501.0,,MEEKATHARRA,,,,AS
ASN00007150,-27.6467,117.8592,450.0,,MURRALEE,,,,AS
ASN00007151,-23.3683,119.7314,544.0,,NEWMAN,,,,AS
ASN00007152,-24.7103,119.6069,700.0,,KUMARINA,,,,AS
ASN00007153,-23.5531,119.1478,620.0,,PRAIRIE DOWNS,,,,AS
ASN00007154,-27.9369,118.1889,400.0,,WYNYANGOO,,,,AS
ASN00007155,-26.1317,118.6833,500.0,,KARALUNDI,,,,AS
ASN00007156,-27.9578,116.3383,400.0,,TARDIE STATION,,,,AS
ASN00007157,-27.7744,117.0156,450.0,,DALGARANGA,,,,AS
